countryID,date,numConfirmed,numDeaths,numRecovered
44,2020-01-22,547.0,17.0,28.0
224,2020-01-22,1.0,0.0,0.0
29,2020-01-23,0.0,0.0,0.0
44,2020-01-23,639.0,18.0,30.0
224,2020-01-23,1.0,0.0,0.0
44,2020-01-24,916.0,26.0,36.0
76,2020-01-24,2.0,0.0,0.0
224,2020-01-24,2.0,0.0,0.0
44,2020-01-25,1399.0,42.0,39.0
76,2020-01-25,3.0,0.0,0.0
224,2020-01-25,2.0,0.0,0.0
38,2020-01-26,1.0,0.0,0.0
44,2020-01-26,2062.0,56.0,49.0
76,2020-01-26,3.0,0.0,0.0
224,2020-01-26,5.0,0.0,0.0
38,2020-01-27,1.0,0.0,0.0
44,2020-01-27,2863.0,82.0,58.0
76,2020-01-27,3.0,0.0,0.0
224,2020-01-27,5.0,0.0,0.0
38,2020-01-28,2.0,0.0,0.0
44,2020-01-28,5494.0,131.0,101.0
76,2020-01-28,4.0,0.0,0.0
82,2020-01-28,4.0,0.0,0.0
224,2020-01-28,5.0,0.0,0.0
38,2020-01-29,2.0,0.0,0.0
44,2020-01-29,6070.0,133.0,120.0
76,2020-01-29,5.0,0.0,0.0
82,2020-01-29,4.0,0.0,0.0
224,2020-01-29,5.0,0.0,0.0
38,2020-01-30,3.0,0.0,0.0
44,2020-01-30,8124.0,171.0,135.0
76,2020-01-30,5.0,0.0,0.0
82,2020-01-30,4.0,0.0,0.0
224,2020-01-30,5.0,0.0,0.0
38,2020-01-31,3.0,0.0,0.0
44,2020-01-31,9783.0,213.0,214.0
76,2020-01-31,5.0,0.0,0.0
82,2020-01-31,5.0,0.0,0.0
106,2020-01-31,2.0,0.0,0.0
224,2020-01-31,6.0,0.0,0.0
38,2020-02-01,4.0,0.0,0.0
44,2020-02-01,11871.0,259.0,275.0
76,2020-02-01,6.0,0.0,0.0
82,2020-02-01,8.0,0.0,0.0
106,2020-02-01,2.0,0.0,0.0
199,2020-02-01,1.0,0.0,0.0
224,2020-02-01,8.0,0.0,0.0
38,2020-02-02,4.0,0.0,0.0
44,2020-02-02,16607.0,361.0,463.0
76,2020-02-02,6.0,0.0,0.0
82,2020-02-02,10.0,0.0,0.0
106,2020-02-02,2.0,0.0,0.0
199,2020-02-02,1.0,0.0,0.0
224,2020-02-02,8.0,0.0,0.0
38,2020-02-03,4.0,0.0,0.0
44,2020-02-03,19693.0,425.0,614.0
76,2020-02-03,6.0,0.0,0.0
82,2020-02-03,12.0,0.0,0.0
106,2020-02-03,2.0,0.0,0.0
199,2020-02-03,1.0,0.0,0.0
224,2020-02-03,11.0,0.0,0.0
20,2020-02-04,1.0,0.0,0.0
38,2020-02-04,4.0,0.0,0.0
44,2020-02-04,23680.0,490.0,843.0
76,2020-02-04,6.0,0.0,0.0
82,2020-02-04,12.0,0.0,0.0
106,2020-02-04,2.0,0.0,0.0
199,2020-02-04,1.0,0.0,0.0
224,2020-02-04,11.0,0.0,0.0
20,2020-02-05,1.0,0.0,0.0
38,2020-02-05,5.0,0.0,0.0
44,2020-02-05,27409.0,562.0,1115.0
76,2020-02-05,6.0,0.0,0.0
82,2020-02-05,12.0,0.0,0.0
106,2020-02-05,2.0,0.0,0.0
199,2020-02-05,1.0,0.0,0.0
224,2020-02-05,12.0,0.0,0.0
20,2020-02-06,1.0,0.0,0.0
38,2020-02-06,5.0,0.0,0.0
44,2020-02-06,30553.0,632.0,1476.0
76,2020-02-06,6.0,0.0,0.0
82,2020-02-06,12.0,0.0,0.0
106,2020-02-06,2.0,0.0,0.0
199,2020-02-06,1.0,0.0,0.0
224,2020-02-06,12.0,0.0,0.0
20,2020-02-07,1.0,0.0,0.0
38,2020-02-07,7.0,0.0,0.0
44,2020-02-07,34075.0,717.0,1998.0
76,2020-02-07,6.0,0.0,0.0
82,2020-02-07,13.0,0.0,0.0
106,2020-02-07,3.0,0.0,0.0
199,2020-02-07,1.0,0.0,0.0
224,2020-02-07,12.0,0.0,0.0
20,2020-02-08,1.0,0.0,0.0
38,2020-02-08,7.0,0.0,0.0
44,2020-02-08,36778.0,804.0,2595.0
76,2020-02-08,11.0,0.0,0.0
82,2020-02-08,13.0,0.0,0.0
106,2020-02-08,3.0,0.0,0.0
199,2020-02-08,1.0,0.0,0.0
224,2020-02-08,12.0,0.0,0.0
20,2020-02-09,1.0,0.0,0.0
38,2020-02-09,7.0,0.0,0.0
44,2020-02-09,39790.0,904.0,3218.0
76,2020-02-09,11.0,0.0,0.0
82,2020-02-09,14.0,0.0,0.0
106,2020-02-09,3.0,0.0,0.0
199,2020-02-09,2.0,0.0,0.0
224,2020-02-09,12.0,0.0,3.0
20,2020-02-10,1.0,0.0,0.0
38,2020-02-10,7.0,0.0,0.0
44,2020-02-10,42306.0,1011.0,3917.0
76,2020-02-10,11.0,0.0,0.0
82,2020-02-10,14.0,0.0,0.0
106,2020-02-10,3.0,0.0,0.0
199,2020-02-10,2.0,0.0,0.0
224,2020-02-10,12.0,0.0,3.0
20,2020-02-11,1.0,0.0,0.0
38,2020-02-11,7.0,0.0,0.0
44,2020-02-11,44327.0,1111.0,4635.0
76,2020-02-11,11.0,0.0,0.0
82,2020-02-11,16.0,0.0,0.0
106,2020-02-11,3.0,0.0,0.0
199,2020-02-11,2.0,0.0,0.0
224,2020-02-11,13.0,0.0,3.0
20,2020-02-12,1.0,0.0,0.0
38,2020-02-12,7.0,0.0,1.0
44,2020-02-12,44699.0,1116.0,5079.0
76,2020-02-12,11.0,0.0,2.0
82,2020-02-12,16.0,0.0,0.0
106,2020-02-12,3.0,0.0,0.0
199,2020-02-12,2.0,0.0,0.0
224,2020-02-12,13.0,0.0,3.0
20,2020-02-13,1.0,0.0,0.0
38,2020-02-13,7.0,0.0,1.0
44,2020-02-13,59832.0,1368.0,6213.0
76,2020-02-13,11.0,0.0,2.0
82,2020-02-13,16.0,0.0,1.0
106,2020-02-13,3.0,0.0,0.0
199,2020-02-13,2.0,0.0,0.0
224,2020-02-13,15.0,0.0,3.0
20,2020-02-14,1.0,0.0,0.0
38,2020-02-14,7.0,0.0,1.0
44,2020-02-14,66292.0,1520.0,7973.0
76,2020-02-14,11.0,0.0,2.0
82,2020-02-14,16.0,0.0,1.0
106,2020-02-14,3.0,0.0,0.0
199,2020-02-14,2.0,0.0,0.0
224,2020-02-14,15.0,0.0,3.0
20,2020-02-15,1.0,0.0,0.0
38,2020-02-15,7.0,0.0,1.0
44,2020-02-15,68347.0,1662.0,9294.0
76,2020-02-15,12.0,1.0,4.0
82,2020-02-15,16.0,0.0,1.0
106,2020-02-15,3.0,0.0,0.0
199,2020-02-15,2.0,0.0,2.0
224,2020-02-15,15.0,0.0,3.0
20,2020-02-16,1.0,0.0,0.0
38,2020-02-16,7.0,0.0,1.0
44,2020-02-16,70446.0,1765.0,10748.0
76,2020-02-16,12.0,1.0,4.0
82,2020-02-16,16.0,0.0,1.0
106,2020-02-16,3.0,0.0,0.0
199,2020-02-16,2.0,0.0,2.0
224,2020-02-16,15.0,0.0,3.0
20,2020-02-17,1.0,0.0,1.0
38,2020-02-17,8.0,0.0,1.0
44,2020-02-17,72364.0,1863.0,12455.0
76,2020-02-17,12.0,1.0,4.0
82,2020-02-17,16.0,0.0,1.0
106,2020-02-17,3.0,0.0,0.0
199,2020-02-17,2.0,0.0,2.0
224,2020-02-17,15.0,0.0,3.0
20,2020-02-18,1.0,0.0,1.0
38,2020-02-18,8.0,0.0,1.0
44,2020-02-18,74139.0,2002.0,14199.0
76,2020-02-18,12.0,1.0,4.0
82,2020-02-18,16.0,0.0,12.0
106,2020-02-18,3.0,0.0,0.0
199,2020-02-18,2.0,0.0,2.0
224,2020-02-18,15.0,0.0,3.0
20,2020-02-19,1.0,0.0,1.0
38,2020-02-19,8.0,0.0,1.0
44,2020-02-19,74546.0,2114.0,15952.0
76,2020-02-19,12.0,1.0,4.0
82,2020-02-19,16.0,0.0,12.0
101,2020-02-19,2.0,2.0,0.0
106,2020-02-19,3.0,0.0,0.0
199,2020-02-19,2.0,0.0,2.0
224,2020-02-19,15.0,0.0,3.0
20,2020-02-20,1.0,0.0,1.0
38,2020-02-20,8.0,0.0,1.0
44,2020-02-20,74999.0,2236.0,18002.0
76,2020-02-20,12.0,1.0,4.0
82,2020-02-20,16.0,0.0,12.0
101,2020-02-20,5.0,2.0,0.0
106,2020-02-20,3.0,0.0,0.0
199,2020-02-20,2.0,0.0,2.0
224,2020-02-20,15.0,0.0,3.0
20,2020-02-21,1.0,0.0,1.0
38,2020-02-21,9.0,0.0,3.0
44,2020-02-21,75472.0,2236.0,18693.0
76,2020-02-21,12.0,1.0,4.0
82,2020-02-21,16.0,0.0,14.0
101,2020-02-21,18.0,4.0,0.0
106,2020-02-21,20.0,1.0,0.0
199,2020-02-21,2.0,0.0,2.0
224,2020-02-21,35.0,0.0,5.0
20,2020-02-22,1.0,0.0,1.0
38,2020-02-22,9.0,0.0,3.0
44,2020-02-22,76922.0,2441.0,22687.0
76,2020-02-22,12.0,1.0,4.0
82,2020-02-22,16.0,0.0,14.0
101,2020-02-22,28.0,5.0,0.0
106,2020-02-22,62.0,2.0,1.0
199,2020-02-22,2.0,0.0,2.0
224,2020-02-22,35.0,0.0,5.0
20,2020-02-23,1.0,0.0,1.0
38,2020-02-23,9.0,0.0,3.0
44,2020-02-23,76938.0,2443.0,23170.0
76,2020-02-23,12.0,1.0,4.0
82,2020-02-23,16.0,0.0,14.0
101,2020-02-23,43.0,8.0,0.0
106,2020-02-23,155.0,3.0,2.0
199,2020-02-23,2.0,0.0,2.0
224,2020-02-23,35.0,0.0,5.0
20,2020-02-24,1.0,0.0,1.0
38,2020-02-24,10.0,0.0,3.0
44,2020-02-24,77152.0,2593.0,24990.0
76,2020-02-24,12.0,1.0,4.0
82,2020-02-24,16.0,0.0,14.0
101,2020-02-24,61.0,12.0,0.0
106,2020-02-24,229.0,7.0,1.0
199,2020-02-24,2.0,0.0,2.0
224,2020-02-24,53.0,0.0,5.0
20,2020-02-25,1.0,0.0,1.0
38,2020-02-25,11.0,0.0,3.0
44,2020-02-25,77660.0,2663.0,27650.0
76,2020-02-25,14.0,1.0,11.0
82,2020-02-25,17.0,0.0,14.0
101,2020-02-25,95.0,16.0,0.0
106,2020-02-25,322.0,10.0,1.0
199,2020-02-25,6.0,0.0,2.0
205,2020-02-25,1.0,0.0,0.0
224,2020-02-25,53.0,0.0,6.0
20,2020-02-26,1.0,0.0,1.0
29,2020-02-26,1.0,0.0,0.0
38,2020-02-26,11.0,0.0,3.0
44,2020-02-26,78065.0,2715.0,30053.0
76,2020-02-26,18.0,2.0,11.0
82,2020-02-26,27.0,0.0,15.0
101,2020-02-26,139.0,19.0,49.0
106,2020-02-26,453.0,12.0,3.0
199,2020-02-26,13.0,0.0,2.0
205,2020-02-26,1.0,0.0,0.0
224,2020-02-26,59.0,0.0,6.0
20,2020-02-27,1.0,0.0,1.0
29,2020-02-27,1.0,0.0,0.0
38,2020-02-27,13.0,0.0,6.0
44,2020-02-27,78498.0,2744.0,32898.0
76,2020-02-27,38.0,2.0,11.0
82,2020-02-27,46.0,0.0,16.0
101,2020-02-27,245.0,26.0,49.0
106,2020-02-27,655.0,17.0,45.0
147,2020-02-27,1.0,0.0,0.0
199,2020-02-27,15.0,0.0,2.0
205,2020-02-27,8.0,0.0,0.0
224,2020-02-27,60.0,0.0,6.0
20,2020-02-28,1.0,0.0,1.0
29,2020-02-28,1.0,0.0,0.0
38,2020-02-28,14.0,0.0,6.0
44,2020-02-28,78824.0,2788.0,36291.0
76,2020-02-28,57.0,2.0,11.0
82,2020-02-28,48.0,0.0,16.0
101,2020-02-28,388.0,34.0,73.0
106,2020-02-28,888.0,21.0,46.0
147,2020-02-28,1.0,0.0,0.0
199,2020-02-28,32.0,0.0,2.0
205,2020-02-28,8.0,0.0,0.0
224,2020-02-28,62.0,0.0,7.0
20,2020-02-29,1.0,0.0,1.0
29,2020-02-29,2.0,0.0,0.0
38,2020-02-29,20.0,0.0,6.0
44,2020-02-29,79251.0,2835.0,39279.0
76,2020-02-29,100.0,2.0,12.0
82,2020-02-29,79.0,0.0,16.0
101,2020-02-29,593.0,43.0,123.0
106,2020-02-29,1128.0,29.0,46.0
147,2020-02-29,6.0,0.0,0.0
199,2020-02-29,45.0,0.0,2.0
205,2020-02-29,18.0,0.0,0.0
224,2020-02-29,70.0,1.0,7.0
20,2020-03-01,2.0,0.0,1.0
29,2020-03-01,2.0,0.0,0.0
38,2020-03-01,24.0,0.0,6.0
44,2020-03-01,79826.0,2870.0,42118.0
76,2020-03-01,130.0,2.0,12.0
82,2020-03-01,130.0,0.0,16.0
101,2020-03-01,978.0,54.0,175.0
106,2020-03-01,1694.0,34.0,83.0
147,2020-03-01,10.0,0.0,0.0
199,2020-03-01,84.0,0.0,2.0
205,2020-03-01,27.0,0.0,0.0
224,2020-03-01,76.0,1.0,7.0
20,2020-03-02,8.0,0.0,1.0
29,2020-03-02,2.0,0.0,0.0
38,2020-03-02,27.0,0.0,6.0
44,2020-03-02,80026.0,2912.0,44810.0
76,2020-03-02,191.0,3.0,12.0
82,2020-03-02,159.0,0.0,16.0
101,2020-03-02,1501.0,66.0,291.0
106,2020-03-02,2036.0,52.0,149.0
147,2020-03-02,18.0,0.0,0.0
167,2020-03-02,2.0,0.0,0.0
199,2020-03-02,120.0,0.0,2.0
205,2020-03-02,42.0,0.0,0.0
224,2020-03-02,101.0,6.0,7.0
20,2020-03-03,13.0,0.0,1.0
29,2020-03-03,2.0,0.0,0.0
38,2020-03-03,30.0,0.0,6.0
44,2020-03-03,80151.0,2945.0,47404.0
76,2020-03-03,204.0,4.0,12.0
82,2020-03-03,196.0,0.0,16.0
101,2020-03-03,2336.0,77.0,291.0
106,2020-03-03,2502.0,79.0,160.0
147,2020-03-03,24.0,0.0,0.0
167,2020-03-03,2.0,0.0,0.0
199,2020-03-03,165.0,1.0,2.0
205,2020-03-03,56.0,0.0,2.0
224,2020-03-03,122.0,7.0,8.0
20,2020-03-04,23.0,0.0,1.0
29,2020-03-04,4.0,0.0,0.0
38,2020-03-04,33.0,0.0,6.0
44,2020-03-04,80271.0,2981.0,49955.0
76,2020-03-04,285.0,4.0,12.0
82,2020-03-04,262.0,0.0,16.0
101,2020-03-04,2922.0,92.0,552.0
106,2020-03-04,3089.0,107.0,276.0
147,2020-03-04,38.0,0.0,0.0
167,2020-03-04,5.0,0.0,0.0
199,2020-03-04,222.0,2.0,2.0
205,2020-03-04,90.0,0.0,3.0
224,2020-03-04,153.0,11.0,8.0
20,2020-03-05,50.0,0.0,1.0
29,2020-03-05,4.0,0.0,0.0
38,2020-03-05,37.0,0.0,6.0
44,2020-03-05,80422.0,3013.0,52240.0
76,2020-03-05,377.0,6.0,12.0
82,2020-03-05,482.0,0.0,16.0
101,2020-03-05,3513.0,107.0,739.0
106,2020-03-05,3858.0,148.0,414.0
147,2020-03-05,82.0,0.0,0.0
167,2020-03-05,8.0,0.0,0.0
199,2020-03-05,259.0,3.0,2.0
205,2020-03-05,114.0,1.0,3.0
224,2020-03-05,221.0,12.0,8.0
20,2020-03-06,109.0,0.0,1.0
29,2020-03-06,13.0,0.0,0.0
38,2020-03-06,49.0,0.0,6.0
44,2020-03-06,80573.0,3042.0,53888.0
76,2020-03-06,653.0,9.0,12.0
82,2020-03-06,670.0,0.0,17.0
101,2020-03-06,4747.0,124.0,913.0
106,2020-03-06,4636.0,197.0,523.0
147,2020-03-06,128.0,1.0,0.0
167,2020-03-06,13.0,0.0,0.0
199,2020-03-06,400.0,5.0,2.0
205,2020-03-06,214.0,1.0,3.0
224,2020-03-06,278.0,14.0,8.0
20,2020-03-07,169.0,0.0,1.0
29,2020-03-07,13.0,0.0,0.0
38,2020-03-07,54.0,0.0,8.0
44,2020-03-07,80652.0,3070.0,55478.0
76,2020-03-07,949.0,11.0,12.0
82,2020-03-07,799.0,0.0,18.0
101,2020-03-07,5823.0,145.0,1669.0
106,2020-03-07,5883.0,233.0,589.0
147,2020-03-07,188.0,1.0,0.0
167,2020-03-07,20.0,0.0,0.0
199,2020-03-07,500.0,10.0,30.0
205,2020-03-07,268.0,1.0,3.0
224,2020-03-07,417.0,17.0,8.0
20,2020-03-08,200.0,0.0,1.0
29,2020-03-08,20.0,0.0,0.0
38,2020-03-08,64.0,0.0,8.0
44,2020-03-08,80699.0,3097.0,57320.0
76,2020-03-08,1126.0,19.0,12.0
82,2020-03-08,1040.0,0.0,18.0
101,2020-03-08,6566.0,194.0,2134.0
106,2020-03-08,7375.0,366.0,622.0
147,2020-03-08,265.0,3.0,0.0
167,2020-03-08,30.0,0.0,0.0
199,2020-03-08,673.0,17.0,30.0
205,2020-03-08,337.0,2.0,3.0
224,2020-03-08,537.0,21.0,8.0
20,2020-03-09,239.0,0.0,1.0
29,2020-03-09,25.0,0.0,0.0
38,2020-03-09,76.0,1.0,8.0
44,2020-03-09,80735.0,3120.0,58735.0
76,2020-03-09,1209.0,19.0,12.0
82,2020-03-09,1176.0,2.0,18.0
101,2020-03-09,7161.0,237.0,2394.0
106,2020-03-09,9172.0,463.0,724.0
147,2020-03-09,321.0,3.0,0.0
167,2020-03-09,30.0,0.0,0.0
199,2020-03-09,1073.0,28.0,32.0
205,2020-03-09,374.0,2.0,3.0
224,2020-03-09,605.0,22.0,8.0
20,2020-03-10,267.0,0.0,1.0
29,2020-03-10,31.0,0.0,0.0
38,2020-03-10,79.0,1.0,8.0
44,2020-03-10,80757.0,3136.0,60106.0
76,2020-03-10,1784.0,33.0,12.0
82,2020-03-10,1457.0,2.0,18.0
101,2020-03-10,8042.0,291.0,2731.0
106,2020-03-10,10149.0,631.0,724.0
147,2020-03-10,382.0,4.0,0.0
167,2020-03-10,41.0,0.0,0.0
199,2020-03-10,1695.0,35.0,32.0
205,2020-03-10,491.0,3.0,3.0
224,2020-03-10,959.0,28.0,8.0
20,2020-03-11,314.0,3.0,1.0
29,2020-03-11,38.0,0.0,0.0
38,2020-03-11,108.0,1.0,8.0
44,2020-03-11,80833.0,3159.0,61586.0
76,2020-03-11,2284.0,48.0,12.0
82,2020-03-11,1908.0,3.0,25.0
101,2020-03-11,9000.0,354.0,2959.0
106,2020-03-11,12462.0,827.0,1045.0
147,2020-03-11,503.0,5.0,0.0
167,2020-03-11,59.0,0.0,0.0
199,2020-03-11,2277.0,54.0,183.0
205,2020-03-11,652.0,4.0,4.0
215,2020-03-11,1.0,0.0,0.0
222,2020-03-11,459.0,8.0,19.0
224,2020-03-11,1281.0,36.0,8.0
20,2020-03-12,314.0,3.0,1.0
29,2020-03-12,52.0,0.0,0.0
38,2020-03-12,117.0,1.0,8.0
44,2020-03-12,80842.0,3170.0,62844.0
76,2020-03-12,2284.0,48.0,12.0
82,2020-03-12,2078.0,3.0,25.0
101,2020-03-12,10075.0,429.0,2959.0
106,2020-03-12,12462.0,827.0,1045.0
147,2020-03-12,503.0,5.0,0.0
167,2020-03-12,59.0,0.0,0.0
199,2020-03-12,2277.0,55.0,183.0
205,2020-03-12,652.0,4.0,4.0
215,2020-03-12,1.0,0.0,0.0
222,2020-03-12,459.0,8.0,19.0
224,2020-03-12,1663.0,40.0,12.0
20,2020-03-13,559.0,3.0,1.0
29,2020-03-13,151.0,0.0,0.0
38,2020-03-13,193.0,1.0,8.0
44,2020-03-13,80851.0,3177.0,64129.0
76,2020-03-13,3667.0,79.0,12.0
82,2020-03-13,3675.0,7.0,46.0
101,2020-03-13,11364.0,514.0,2959.0
106,2020-03-13,17660.0,1266.0,1439.0
147,2020-03-13,804.0,10.0,0.0
167,2020-03-13,112.0,0.0,1.0
199,2020-03-13,5232.0,133.0,193.0
205,2020-03-13,1139.0,11.0,4.0
215,2020-03-13,5.0,0.0,0.0
222,2020-03-13,801.0,8.0,19.0
224,2020-03-13,2179.0,47.0,12.0
20,2020-03-14,689.0,4.0,1.0
29,2020-03-14,151.0,0.0,0.0
38,2020-03-14,196.0,1.0,8.0
44,2020-03-14,80880.0,3190.0,65592.0
76,2020-03-14,4480.0,91.0,12.0
82,2020-03-14,4585.0,9.0,46.0
101,2020-03-14,12729.0,611.0,2959.0
106,2020-03-14,21157.0,1441.0,1966.0
147,2020-03-14,959.0,12.0,2.0
167,2020-03-14,169.0,0.0,2.0
199,2020-03-14,6391.0,195.0,517.0
205,2020-03-14,1359.0,13.0,4.0
215,2020-03-14,5.0,0.0,0.0
222,2020-03-14,1143.0,21.0,19.0
224,2020-03-14,2726.0,54.0,12.0
20,2020-03-15,886.0,4.0,1.0
29,2020-03-15,162.0,0.0,0.0
38,2020-03-15,250.0,1.0,8.0
44,2020-03-15,80907.0,3200.0,66946.0
76,2020-03-15,4513.0,91.0,12.0
82,2020-03-15,5795.0,11.0,46.0
101,2020-03-15,13938.0,724.0,4590.0
106,2020-03-15,24747.0,1809.0,2335.0
147,2020-03-15,1135.0,20.0,2.0
167,2020-03-15,245.0,0.0,2.0
199,2020-03-15,7798.0,289.0,517.0
205,2020-03-15,2200.0,14.0,4.0
215,2020-03-15,6.0,0.0,0.0
222,2020-03-15,1144.0,21.0,19.0
224,2020-03-15,3499.0,63.0,12.0
20,2020-03-16,1058.0,5.0,1.0
29,2020-03-16,200.0,0.0,1.0
38,2020-03-16,415.0,4.0,9.0
44,2020-03-16,80934.0,3214.0,67836.0
76,2020-03-16,6650.0,148.0,12.0
82,2020-03-16,7272.0,17.0,67.0
101,2020-03-16,14991.0,853.0,4590.0
106,2020-03-16,27980.0,2158.0,2749.0
147,2020-03-16,1414.0,24.0,2.0
167,2020-03-16,331.0,0.0,3.0
199,2020-03-16,9942.0,342.0,530.0
205,2020-03-16,2200.0,14.0,4.0
215,2020-03-16,18.0,0.0,0.0
222,2020-03-16,1551.0,56.0,21.0
224,2020-03-16,4632.0,85.0,17.0
20,2020-03-17,1243.0,10.0,1.0
29,2020-03-17,321.0,1.0,2.0
38,2020-03-17,478.0,5.0,9.0
44,2020-03-17,80961.0,3227.0,68722.0
76,2020-03-17,7683.0,148.0,12.0
82,2020-03-17,9257.0,24.0,67.0
101,2020-03-17,16169.0,988.0,5389.0
106,2020-03-17,31506.0,2503.0,2941.0
147,2020-03-17,1708.0,43.0,2.0
167,2020-03-17,448.0,1.0,3.0
199,2020-03-17,11748.0,533.0,1028.0
205,2020-03-17,2700.0,27.0,4.0
215,2020-03-17,47.0,1.0,0.0
222,2020-03-17,1960.0,56.0,53.0
224,2020-03-17,6421.0,108.0,17.0
20,2020-03-18,1486.0,14.0,31.0
29,2020-03-18,372.0,3.0,2.0
38,2020-03-18,657.0,8.0,9.0
44,2020-03-18,81006.0,3238.0,69675.0
76,2020-03-18,9052.0,148.0,12.0
82,2020-03-18,12327.0,28.0,105.0
101,2020-03-18,17361.0,1135.0,5389.0
106,2020-03-18,35713.0,2978.0,4025.0
147,2020-03-18,2056.0,58.0,2.0
167,2020-03-18,448.0,2.0,3.0
199,2020-03-18,13910.0,623.0,1081.0
205,2020-03-18,3028.0,28.0,15.0
215,2020-03-18,98.0,1.0,0.0
222,2020-03-18,2642.0,72.0,67.0
224,2020-03-18,7786.0,118.0,106.0
20,2020-03-19,1795.0,21.0,31.0
29,2020-03-19,621.0,6.0,2.0
38,2020-03-19,800.0,9.0,9.0
44,2020-03-19,81039.0,3246.0,70456.0
76,2020-03-19,10886.0,243.0,12.0
82,2020-03-19,15320.0,44.0,113.0
101,2020-03-19,18407.0,1284.0,5710.0
106,2020-03-19,41035.0,3405.0,4440.0
147,2020-03-19,2465.0,77.0,2.0
167,2020-03-19,785.0,3.0,3.0
199,2020-03-19,17963.0,830.0,1107.0
205,2020-03-19,4075.0,41.0,15.0
215,2020-03-19,192.0,3.0,0.0
222,2020-03-19,2716.0,138.0,67.0
224,2020-03-19,13680.0,200.0,108.0
20,2020-03-20,2257.0,37.0,1.0
29,2020-03-20,793.0,11.0,2.0
38,2020-03-20,943.0,12.0,9.0
44,2020-03-20,81112.0,3251.0,71184.0
76,2020-03-20,12632.0,450.0,12.0
82,2020-03-20,19848.0,67.0,180.0
101,2020-03-20,19644.0,1433.0,6745.0
106,2020-03-20,47021.0,4032.0,4440.0
147,2020-03-20,3003.0,107.0,2.0
167,2020-03-20,1020.0,6.0,5.0
199,2020-03-20,20410.0,1043.0,1588.0
205,2020-03-20,5294.0,54.0,15.0
215,2020-03-20,359.0,4.0,0.0
222,2020-03-20,4014.0,178.0,67.0
224,2020-03-20,19101.0,244.0,147.0
20,2020-03-21,2815.0,67.0,263.0
29,2020-03-21,1021.0,15.0,2.0
38,2020-03-21,1278.0,19.0,10.0
44,2020-03-21,81167.0,3257.0,71777.0
76,2020-03-21,14308.0,562.0,12.0
82,2020-03-21,22213.0,84.0,233.0
101,2020-03-21,20610.0,1556.0,7635.0
106,2020-03-21,53578.0,4825.0,6072.0
147,2020-03-21,3640.0,137.0,2.0
167,2020-03-21,1280.0,12.0,5.0
199,2020-03-21,25374.0,1375.0,2125.0
205,2020-03-21,6575.0,75.0,15.0
215,2020-03-21,670.0,9.0,0.0
222,2020-03-21,5067.0,234.0,67.0
224,2020-03-21,25514.0,307.0,171.0
20,2020-03-22,3401.0,75.0,263.0
29,2020-03-22,1546.0,25.0,2.0
38,2020-03-22,1470.0,21.0,0.0
44,2020-03-22,81229.0,3263.0,72280.0
76,2020-03-22,16214.0,676.0,2201.0
82,2020-03-22,24873.0,94.0,266.0
101,2020-03-22,21638.0,1685.0,7635.0
106,2020-03-22,59138.0,5476.0,7024.0
147,2020-03-22,4217.0,180.0,3.0
167,2020-03-22,1600.0,14.0,5.0
199,2020-03-22,28603.0,1756.0,2125.0
205,2020-03-22,7474.0,98.0,131.0
215,2020-03-22,1236.0,30.0,0.0
222,2020-03-22,5741.0,282.0,95.0
224,2020-03-22,33848.0,427.0,0.0
20,2020-03-23,3743.0,88.0,401.0
29,2020-03-23,1924.0,34.0,2.0
38,2020-03-23,2088.0,25.0,0.0
44,2020-03-23,81311.0,3272.0,72737.0
76,2020-03-23,20123.0,862.0,2207.0
82,2020-03-23,29056.0,123.0,453.0
101,2020-03-23,23049.0,1812.0,8376.0
106,2020-03-23,63927.0,6077.0,7432.0
147,2020-03-23,4764.0,214.0,3.0
167,2020-03-23,2060.0,23.0,14.0
199,2020-03-23,35136.0,2311.0,3355.0
205,2020-03-23,8795.0,120.0,131.0
215,2020-03-23,1529.0,37.0,0.0
222,2020-03-23,6726.0,336.0,140.0
224,2020-03-23,43667.0,552.0,0.0
20,2020-03-24,4269.0,122.0,461.0
29,2020-03-24,2247.0,46.0,2.0
38,2020-03-24,2790.0,26.0,110.0
44,2020-03-24,81395.0,3279.0,73198.0
76,2020-03-24,22622.0,1102.0,3288.0
82,2020-03-24,32986.0,157.0,3243.0
101,2020-03-24,24811.0,1934.0,8913.0
106,2020-03-24,69176.0,6820.0,8326.0
147,2020-03-24,5580.0,277.0,3.0
167,2020-03-24,2362.0,33.0,22.0
199,2020-03-24,39885.0,2808.0,3794.0
205,2020-03-24,9877.0,122.0,131.0
215,2020-03-24,1872.0,44.0,0.0
222,2020-03-24,8164.0,423.0,140.0
224,2020-03-24,53740.0,706.0,348.0
20,2020-03-25,4937.0,178.0,547.0
29,2020-03-25,2554.0,59.0,2.0
38,2020-03-25,3251.0,30.0,183.0
44,2020-03-25,81456.0,3283.0,73690.0
76,2020-03-25,25600.0,1333.0,3907.0
82,2020-03-25,37323.0,206.0,3547.0
101,2020-03-25,27017.0,2077.0,9625.0
106,2020-03-25,74386.0,7503.0,9362.0
147,2020-03-25,6438.0,357.0,4.0
167,2020-03-25,2995.0,43.0,22.0
199,2020-03-25,49515.0,3647.0,5367.0
205,2020-03-25,10897.0,153.0,131.0
215,2020-03-25,2433.0,59.0,26.0
222,2020-03-25,9640.0,466.0,140.0
224,2020-03-25,65778.0,942.0,361.0
20,2020-03-26,6235.0,220.0,675.0
29,2020-03-26,2985.0,77.0,6.0
38,2020-03-26,4042.0,38.0,184.0
44,2020-03-26,81550.0,3289.0,74090.0
76,2020-03-26,29551.0,1698.0,4955.0
82,2020-03-26,43938.0,267.0,5673.0
101,2020-03-26,29406.0,2234.0,10457.0
106,2020-03-26,80589.0,8215.0,10361.0
147,2020-03-26,7468.0,435.0,6.0
167,2020-03-26,3544.0,60.0,43.0
199,2020-03-26,57786.0,4365.0,7015.0
205,2020-03-26,11811.0,191.0,131.0
215,2020-03-26,3629.0,75.0,26.0
222,2020-03-26,11812.0,580.0,150.0
224,2020-03-26,83836.0,1209.0,681.0
20,2020-03-27,7284.0,289.0,858.0
29,2020-03-27,3417.0,92.0,6.0
38,2020-03-27,4682.0,54.0,256.0
44,2020-03-27,81612.0,3294.0,74629.0
76,2020-03-27,33402.0,1997.0,5707.0
82,2020-03-27,50871.0,342.0,6658.0
101,2020-03-27,32332.0,2378.0,11133.0
106,2020-03-27,86498.0,9134.0,10950.0
147,2020-03-27,8647.0,547.0,6.0
167,2020-03-27,4268.0,76.0,43.0
199,2020-03-27,65719.0,5138.0,9357.0
205,2020-03-27,12928.0,231.0,1530.0
215,2020-03-27,5698.0,92.0,42.0
222,2020-03-27,14745.0,761.0,151.0
224,2020-03-27,101657.0,1581.0,869.0
20,2020-03-28,9134.0,353.0,1063.0
29,2020-03-28,3904.0,111.0,6.0
38,2020-03-28,5576.0,61.0,466.0
44,2020-03-28,81684.0,3297.0,75008.0
76,2020-03-28,38105.0,2317.0,5724.0
82,2020-03-28,57695.0,433.0,8481.0
101,2020-03-28,35408.0,2517.0,11679.0
106,2020-03-28,92472.0,10023.0,12384.0
147,2020-03-28,9819.0,640.0,6.0
167,2020-03-28,5170.0,100.0,43.0
199,2020-03-28,73235.0,5982.0,12285.0
205,2020-03-28,14076.0,264.0,1530.0
215,2020-03-28,7402.0,108.0,70.0
222,2020-03-28,17312.0,1021.0,151.0
224,2020-03-28,121465.0,2026.0,1072.0
20,2020-03-29,10836.0,431.0,1359.0
29,2020-03-29,4256.0,136.0,6.0
38,2020-03-29,6280.0,64.0,466.0
44,2020-03-29,81742.0,3302.0,75490.0
76,2020-03-29,40708.0,2611.0,7226.0
82,2020-03-29,62095.0,533.0,9211.0
101,2020-03-29,38309.0,2640.0,12391.0
106,2020-03-29,97689.0,10779.0,13030.0
147,2020-03-29,10930.0,772.0,253.0
167,2020-03-29,5962.0,119.0,43.0
199,2020-03-29,80110.0,6803.0,14709.0
205,2020-03-29,14829.0,300.0,1595.0
215,2020-03-29,9217.0,131.0,105.0
222,2020-03-29,19780.0,1231.0,151.0
224,2020-03-29,140909.0,2467.0,2665.0
20,2020-03-30,11899.0,513.0,1527.0
29,2020-03-30,4579.0,159.0,120.0
38,2020-03-30,7398.0,80.0,466.0
44,2020-03-30,81784.0,3309.0,75829.0
76,2020-03-30,45170.0,3030.0,7964.0
82,2020-03-30,66885.0,645.0,13500.0
101,2020-03-30,41495.0,2757.0,13911.0
106,2020-03-30,101739.0,11591.0,14620.0
147,2020-03-30,11817.0,865.0,253.0
167,2020-03-30,6408.0,140.0,43.0
199,2020-03-30,87956.0,7716.0,16780.0
205,2020-03-30,15922.0,359.0,1823.0
215,2020-03-30,10827.0,168.0,162.0
222,2020-03-30,22453.0,1411.0,171.0
224,2020-03-30,161831.0,2978.0,5644.0
20,2020-03-31,12775.0,705.0,1696.0
29,2020-03-31,5717.0,201.0,127.0
38,2020-03-31,8527.0,101.0,1592.0
44,2020-03-31,81846.0,3310.0,76107.0
76,2020-03-31,52827.0,3532.0,9513.0
82,2020-03-31,71808.0,775.0,16100.0
101,2020-03-31,44605.0,2898.0,14656.0
106,2020-03-31,105792.0,12428.0,15729.0
147,2020-03-31,12667.0,1040.0,253.0
167,2020-03-31,7443.0,160.0,43.0
199,2020-03-31,95923.0,8464.0,19259.0
205,2020-03-31,16605.0,433.0,1823.0
215,2020-03-31,13531.0,214.0,243.0
222,2020-03-31,25481.0,1793.0,179.0
224,2020-03-31,188172.0,3873.0,7024.0
20,2020-04-01,13964.0,828.0,2132.0
29,2020-04-01,6836.0,240.0,127.0
38,2020-04-01,9560.0,109.0,1324.0
44,2020-04-01,81884.0,3317.0,76287.0
76,2020-04-01,57749.0,4043.0,11053.0
82,2020-04-01,77872.0,920.0,18700.0
101,2020-04-01,47593.0,3036.0,15473.0
106,2020-04-01,110574.0,13155.0,16847.0
147,2020-04-01,13696.0,1175.0,260.0
167,2020-04-01,8251.0,187.0,43.0
199,2020-04-01,104118.0,9387.0,22647.0
205,2020-04-01,17768.0,488.0,2967.0
215,2020-04-01,15679.0,277.0,333.0
222,2020-04-01,29865.0,2357.0,179.0
224,2020-04-01,213372.0,4757.0,8474.0
20,2020-04-02,15348.0,1011.0,2495.0
29,2020-04-02,8044.0,324.0,127.0
38,2020-04-02,11284.0,139.0,1735.0
44,2020-04-02,81928.0,3323.0,76453.0
76,2020-04-02,59929.0,5398.0,12548.0
82,2020-04-02,84794.0,1107.0,22440.0
101,2020-04-02,50468.0,3160.0,16711.0
106,2020-04-02,115242.0,13915.0,18278.0
147,2020-04-02,14788.0,1341.0,260.0
167,2020-04-02,9034.0,209.0,68.0
199,2020-04-02,112065.0,10348.0,26743.0
205,2020-04-02,18827.0,536.0,4013.0
215,2020-04-02,18135.0,356.0,415.0
222,2020-04-02,34173.0,2926.0,192.0
224,2020-04-02,243599.0,5926.0,9001.0
20,2020-04-03,16770.0,1143.0,2872.0
29,2020-04-03,9056.0,359.0,127.0
38,2020-04-03,12437.0,179.0,2175.0
44,2020-04-03,81971.0,3327.0,76627.0
76,2020-04-03,65202.0,6520.0,14135.0
82,2020-04-03,91159.0,1275.0,24575.0
101,2020-04-03,53183.0,3294.0,17935.0
106,2020-04-03,119827.0,14681.0,19758.0
147,2020-04-03,15821.0,1490.0,260.0
167,2020-04-03,9886.0,246.0,68.0
199,2020-04-03,119199.0,11198.0,30513.0
205,2020-04-03,19606.0,591.0,4846.0
215,2020-04-03,20921.0,425.0,484.0
222,2020-04-03,38689.0,3611.0,208.0
224,2020-04-03,275586.0,7087.0,9707.0
20,2020-04-04,18431.0,1283.0,3247.0
29,2020-04-04,10360.0,445.0,127.0
38,2020-04-04,12978.0,218.0,2577.0
44,2020-04-04,81993.0,3331.0,76813.0
76,2020-04-04,90848.0,7574.0,15572.0
82,2020-04-04,96092.0,1444.0,26400.0
101,2020-04-04,55743.0,3452.0,19736.0
106,2020-04-04,124632.0,15362.0,20996.0
147,2020-04-04,16727.0,1656.0,262.0
167,2020-04-04,10524.0,266.0,75.0
199,2020-04-04,126168.0,11947.0,34219.0
205,2020-04-04,20505.0,666.0,6415.0
215,2020-04-04,23934.0,501.0,786.0
222,2020-04-04,42477.0,4320.0,215.0
224,2020-04-04,308853.0,8407.0,14652.0
20,2020-04-05,19691.0,1447.0,3751.0
29,2020-04-05,11130.0,486.0,127.0
38,2020-04-05,15756.0,259.0,3012.0
44,2020-04-05,82031.0,3334.0,77041.0
76,2020-04-05,93773.0,8093.0,16349.0
82,2020-04-05,100123.0,1584.0,28700.0
101,2020-04-05,58226.0,3603.0,19736.0
106,2020-04-05,128948.0,15887.0,21815.0
147,2020-04-05,17953.0,1771.0,257.0
167,2020-04-05,11278.0,295.0,75.0
199,2020-04-05,131646.0,12641.0,38080.0
205,2020-04-05,21100.0,715.0,6415.0
215,2020-04-05,27069.0,574.0,1042.0
222,2020-04-05,48436.0,4943.0,229.0
224,2020-04-05,337072.0,9619.0,17448.0
20,2020-04-06,20814.0,1632.0,3986.0
29,2020-04-06,12161.0,564.0,127.0
38,2020-04-06,16563.0,339.0,3256.0
44,2020-04-06,82080.0,3336.0,77141.0
76,2020-04-06,98963.0,8926.0,17428.0
82,2020-04-06,103374.0,1810.0,28700.0
101,2020-04-06,60500.0,3739.0,24236.0
106,2020-04-06,132547.0,16523.0,22837.0
147,2020-04-06,18926.0,1874.0,258.0
167,2020-04-06,11730.0,311.0,140.0
199,2020-04-06,136675.0,13341.0,40437.0
205,2020-04-06,21657.0,765.0,8056.0
215,2020-04-06,30217.0,649.0,1326.0
222,2020-04-06,52279.0,5385.0,287.0
224,2020-04-06,366667.0,10783.0,19581.0
20,2020-04-07,22194.0,2035.0,4157.0
29,2020-04-07,14034.0,686.0,127.0
38,2020-04-07,17872.0,375.0,3791.0
44,2020-04-07,82115.0,3336.0,77241.0
76,2020-04-07,110065.0,10343.0,19523.0
82,2020-04-07,107663.0,2016.0,36081.0
101,2020-04-07,62589.0,3872.0,27039.0
106,2020-04-07,135586.0,17127.0,24392.0
147,2020-04-07,19709.0,2108.0,272.0
167,2020-04-07,12442.0,345.0,184.0
199,2020-04-07,141942.0,14045.0,43208.0
205,2020-04-07,22253.0,821.0,8704.0
215,2020-04-07,34109.0,725.0,1582.0
222,2020-04-07,55949.0,6171.0,325.0
224,2020-04-07,396223.0,12722.0,21763.0
20,2020-04-08,23403.0,2240.0,4681.0
29,2020-04-08,16170.0,819.0,127.0
38,2020-04-08,19141.0,407.0,4154.0
44,2020-04-08,82183.0,3338.0,77354.0
76,2020-04-08,113959.0,10887.0,21452.0
82,2020-04-08,113296.0,2349.0,46300.0
101,2020-04-08,64586.0,3993.0,29812.0
106,2020-04-08,139422.0,17669.0,26491.0
147,2020-04-08,20682.0,2255.0,272.0
167,2020-04-08,13141.0,380.0,196.0
199,2020-04-08,148220.0,14792.0,48021.0
205,2020-04-08,23280.0,895.0,9800.0
215,2020-04-08,38226.0,812.0,1846.0
222,2020-04-08,61474.0,7111.0,345.0
224,2020-04-08,429052.0,14695.0,23559.0
20,2020-04-09,24983.0,2523.0,5164.0
29,2020-04-09,18092.0,950.0,173.0
38,2020-04-09,20654.0,503.0,5162.0
44,2020-04-09,82245.0,3340.0,77443.0
76,2020-04-09,118781.0,12228.0,23413.0
82,2020-04-09,118181.0,2607.0,52407.0
101,2020-04-09,66220.0,4110.0,32309.0
106,2020-04-09,143626.0,18279.0,28470.0
147,2020-04-09,21903.0,2403.0,278.0
167,2020-04-09,13956.0,409.0,205.0
199,2020-04-09,153222.0,15447.0,52165.0
205,2020-04-09,24051.0,948.0,10600.0
215,2020-04-09,42282.0,908.0,2142.0
222,2020-04-09,65872.0,7993.0,359.0
224,2020-04-09,461437.0,16478.0,25410.0
20,2020-04-10,26667.0,3019.0,5568.0
29,2020-04-10,19638.0,1057.0,173.0
38,2020-04-10,22059.0,557.0,5855.0
44,2020-04-10,82289.0,3342.0,77563.0
76,2020-04-10,125931.0,13215.0,25195.0
82,2020-04-10,122171.0,2767.0,53913.0
101,2020-04-10,68192.0,4232.0,35465.0
106,2020-04-10,147577.0,18849.0,30455.0
147,2020-04-10,23249.0,2520.0,287.0
167,2020-04-10,15472.0,435.0,233.0
199,2020-04-10,158273.0,16081.0,55668.0
205,2020-04-10,24551.0,1002.0,11100.0
215,2020-04-10,47029.0,1006.0,2423.0
222,2020-04-10,74605.0,8974.0,588.0
224,2020-04-10,496535.0,18586.0,28790.0
20,2020-04-11,28018.0,3346.0,5986.0
29,2020-04-11,20727.0,1124.0,173.0
38,2020-04-11,23316.0,654.0,6589.0
44,2020-04-11,82354.0,3345.0,77630.0
76,2020-04-11,130727.0,13851.0,26663.0
82,2020-04-11,124908.0,2736.0,57400.0
101,2020-04-11,70029.0,4357.0,41947.0
106,2020-04-11,152271.0,19468.0,32534.0
147,2020-04-11,24571.0,2653.0,291.0
167,2020-04-11,15987.0,470.0,266.0
199,2020-04-11,163027.0,16606.0,59109.0
205,2020-04-11,25107.0,1036.0,12100.0
215,2020-04-11,52167.0,1101.0,2965.0
222,2020-04-11,79874.0,9892.0,622.0
224,2020-04-11,526396.0,20463.0,31270.0
20,2020-04-12,29647.0,3600.0,6463.0
29,2020-04-12,22192.0,1223.0,173.0
38,2020-04-12,24299.0,713.0,7123.0
44,2020-04-12,82473.0,3345.0,77692.0
76,2020-04-12,133670.0,14412.0,27469.0
82,2020-04-12,127854.0,3022.0,60300.0
101,2020-04-12,71686.0,4474.0,43894.0
106,2020-04-12,156363.0,19899.0,34211.0
147,2020-04-12,25746.0,2747.0,295.0
167,2020-04-12,16585.0,504.0,277.0
199,2020-04-12,166831.0,17209.0,62391.0
205,2020-04-12,25415.0,1106.0,12700.0
215,2020-04-12,56956.0,1198.0,3446.0
222,2020-04-12,85206.0,10629.0,626.0
224,2020-04-12,555313.0,22020.0,32988.0
